<BackupInst xmlns="http://www.microsoft.com/GroupPolicy/GPOOperations/Manifest"><GPOGuid><![CDATA[{B2E90A77-91AA-4532-8B2E-DBFAA8F35A06}]]></GPOGuid><GPODomain><![CDATA[security.local]]></GPODomain><GPODomainGuid><![CDATA[{6f0514af-6cc4-48d1-b2ef-2310ad5fc57b}]]></GPODomainGuid><GPODomainController><![CDATA[DC-SEC-01.security.local]]></GPODomainController><BackupTime><![CDATA[2022-06-08T18:58:19]]></BackupTime><ID><![CDATA[{E635FBC8-1ECE-47B3-901E-2543013F0DEB}]]></ID><Comment><![CDATA[]]></Comment><GPODisplayName><![CDATA[MSFT Microsoft 365 Apps v2206 - Computer]]></GPODisplayName></BackupInst>
