<BackupInst xmlns="http://www.microsoft.com/GroupPolicy/GPOOperations/Manifest"><GPOGuid><![CDATA[{EF439B69-A375-4A59-88F3-4F3492FE583F}]]></GPOGuid><GPODomain><![CDATA[security.local]]></GPODomain><GPODomainGuid><![CDATA[{6f0514af-6cc4-48d1-b2ef-2310ad5fc57b}]]></GPODomainGuid><GPODomainController><![CDATA[DC-SEC-01.security.local]]></GPODomainController><BackupTime><![CDATA[2022-06-08T18:58:21]]></BackupTime><ID><![CDATA[{0C18380C-7A19-4A6F-A9E8-A1CC7DDD0212}]]></ID><Comment><![CDATA[]]></Comment><GPODisplayName><![CDATA[MSFT Microsoft 365 Apps v2206 - Legacy File Block - User]]></GPODisplayName></BackupInst>
