<BackupInst xmlns="http://www.microsoft.com/GroupPolicy/GPOOperations/Manifest"><GPOGuid><![CDATA[{DE75F7E0-B75C-41F7-AC90-2C3F3DA49C82}]]></GPOGuid><GPODomain><![CDATA[security.local]]></GPODomain><GPODomainGuid><![CDATA[{6f0514af-6cc4-48d1-b2ef-2310ad5fc57b}]]></GPODomainGuid><GPODomainController><![CDATA[DC-SEC-01.security.local]]></GPODomainController><BackupTime><![CDATA[2022-06-08T18:58:22]]></BackupTime><ID><![CDATA[{2FB54E36-499F-4FCB-885F-580422187B61}]]></ID><Comment><![CDATA[]]></Comment><GPODisplayName><![CDATA[MSFT Microsoft 365 Apps v2206 - Legacy JScript Block - Computer]]></GPODisplayName></BackupInst>
