<Backups xmlns="http://www.microsoft.com/GroupPolicy/GPOOperations/Manifest" xmlns:mfst="http://www.microsoft.com/GroupPolicy/GPOOperations/Manifest" mfst:version="1.0"><BackupInst><GPOGuid><![CDATA[{736029FF-BB97-4FC0-A5F3-FEC8DE90908C}]]></GPOGuid><GPODomain><![CDATA[security.local]]></GPODomain><GPODomainGuid><![CDATA[{6f0514af-6cc4-48d1-b2ef-2310ad5fc57b}]]></GPODomainGuid><GPODomainController><![CDATA[DC-SEC-01.security.local]]></GPODomainController><BackupTime><![CDATA[2022-06-08T18:58:22]]></BackupTime><ID><![CDATA[{952D58A6-8CEF-4F26-BC21-B57C15842AB9}]]></ID><Comment><![CDATA[]]></Comment><GPODisplayName><![CDATA[MSFT Microsoft 365 Apps v2206 - User]]></GPODisplayName></BackupInst><BackupInst><GPOGuid><![CDATA[{38B794AC-A419-46B4-905F-9217C3510152}]]></GPOGuid><GPODomain><![CDATA[security.local]]></GPODomain><GPODomainGuid><![CDATA[{6f0514af-6cc4-48d1-b2ef-2310ad5fc57b}]]></GPODomainGuid><GPODomainController><![CDATA[DC-SEC-01.security.local]]></GPODomainController><BackupTime><![CDATA[2022-06-08T18:58:22]]></BackupTime><ID><![CDATA[{06D3756D-690A-4890-8865-591DC7ED98C9}]]></ID><Comment><![CDATA[]]></Comment><GPODisplayName><![CDATA[MSFT Microsoft 365 Apps v2206 - Require Macro Signing - User]]></GPODisplayName></BackupInst><BackupInst><GPOGuid><![CDATA[{DE75F7E0-B75C-41F7-AC90-2C3F3DA49C82}]]></GPOGuid><GPODomain><![CDATA[security.local]]></GPODomain><GPODomainGuid><![CDATA[{6f0514af-6cc4-48d1-b2ef-2310ad5fc57b}]]></GPODomainGuid><GPODomainController><![CDATA[DC-SEC-01.security.local]]></GPODomainController><BackupTime><![CDATA[2022-06-08T18:58:22]]></BackupTime><ID><![CDATA[{2FB54E36-499F-4FCB-885F-580422187B61}]]></ID><Comment><![CDATA[]]></Comment><GPODisplayName><![CDATA[MSFT Microsoft 365 Apps v2206 - Legacy JScript Block - Computer]]></GPODisplayName></BackupInst><BackupInst><GPOGuid><![CDATA[{EF439B69-A375-4A59-88F3-4F3492FE583F}]]></GPOGuid><GPODomain><![CDATA[security.local]]></GPODomain><GPODomainGuid><![CDATA[{6f0514af-6cc4-48d1-b2ef-2310ad5fc57b}]]></GPODomainGuid><GPODomainController><![CDATA[DC-SEC-01.security.local]]></GPODomainController><BackupTime><![CDATA[2022-06-08T18:58:21]]></BackupTime><ID><![CDATA[{0C18380C-7A19-4A6F-A9E8-A1CC7DDD0212}]]></ID><Comment><![CDATA[]]></Comment><GPODisplayName><![CDATA[MSFT Microsoft 365 Apps v2206 - Legacy File Block - User]]></GPODisplayName></BackupInst><BackupInst><GPOGuid><![CDATA[{E6A0576A-5C86-4483-91D2-79F998B33DE3}]]></GPOGuid><GPODomain><![CDATA[security.local]]></GPODomain><GPODomainGuid><![CDATA[{6f0514af-6cc4-48d1-b2ef-2310ad5fc57b}]]></GPODomainGuid><GPODomainController><![CDATA[DC-SEC-01.security.local]]></GPODomainController><BackupTime><![CDATA[2022-06-08T18:58:21]]></BackupTime><ID><![CDATA[{FD17B1CF-B6D6-4E78-AF08-9FB3E0C3D9DD}]]></ID><Comment><![CDATA[]]></Comment><GPODisplayName><![CDATA[MSFT Microsoft 365 Apps v2206 - DDE Block - User]]></GPODisplayName></BackupInst><BackupInst><GPOGuid><![CDATA[{B2E90A77-91AA-4532-8B2E-DBFAA8F35A06}]]></GPOGuid><GPODomain><![CDATA[security.local]]></GPODomain><GPODomainGuid><![CDATA[{6f0514af-6cc4-48d1-b2ef-2310ad5fc57b}]]></GPODomainGuid><GPODomainController><![CDATA[DC-SEC-01.security.local]]></GPODomainController><BackupTime><![CDATA[2022-06-08T18:58:19]]></BackupTime><ID><![CDATA[{E635FBC8-1ECE-47B3-901E-2543013F0DEB}]]></ID><Comment><![CDATA[]]></Comment><GPODisplayName><![CDATA[MSFT Microsoft 365 Apps v2206 - Computer]]></GPODisplayName></BackupInst></Backups>