{
  "build_entry_point": "docs",
  "git_repository_url_open_to_public_contributors": "https://github.com/Microsoft/SCCMdocs",
  "git_repository_branch_open_to_public_contributors": "master",
  "need_generate_pdf": false,
  "need_generate_pdf_url_template": true,
  "branch_target_mapping": {
    "live": [
      "Publish",
      "Pdf"
    ],
    "master": [
      "Publish",
      "Pdf"
    ]
  },
  "need_generate_intellisense": false,
  "docsets_to_publish": [
    {
      "docset_name": "sccm",
      "build_source_folder": "sccm",
      "build_output_subfolder": "sccm",
      "locale": "en-us",
      "version": 0,
      "open_to_public_contributors": true,
      "type_mapping": {
        "Conceptual": "Content",
        "ManagedReference": "Content",
        "RestApi": "Content",
        "LandingData": "Content"        
      },
      "build_entry_point": "docs",
      "template_folder": "_themes"
    }
  ],
  "Targets": {
    "Pdf": {
      "template_folder": "_themes.pdf"
    }
  },
  "notification_subscribers": [],
  "branches_to_filter": [
    ""
  ],
  "skip_source_output_uploading": false,
  "need_preview_pull_request": true,
  "dependent_repositories": [
    {
      "path_to_root": "_themes",
      "url": "https://github.com/Microsoft/templates.docs.msft",
      "branch": "master",
      "branch_mapping": {}
    },
    {
      "path_to_root": "_themes.pdf",
      "url": "https://github.com/Microsoft/templates.docs.msft.pdf",
      "branch": "master"
    }
  ]
}
